UserID,MovieID,Rating,Timestamp
71708,1375666,9,1637732490
71708,1431045,6,1637732491
71708,848228,3,1637732492
71708,468569,1,1637732493
71708,499549,7,1637732494
71708,816692,0,1637732495
71708,2015381,1,1637732496
71708,4154664,3,1637732497
71708,1853728,4,1637732498
71708,6320628,6,1637732499
71708,1392170,10,1637732500
71708,1392190,2,1637732501
71708,371746,2,1637732502
71708,1345836,3,1637732503
71708,369610,2,1637732504
71708,1300854,5,1637732505
71708,1386697,6,1637732506
71708,2488496,4,1637732507
71708,3498820,3,1637732508
71708,7131622,8,1637732509
71708,903624,10,1637732510
71708,2395427,2,1637732511
71708,372784,5,1637732512
71708,2975590,5,1637732513
71708,3659388,7,1637732514
71708,1049413,8,1637732515
71708,8579674,6,1637732516
71708,2096673,8,1637732517
71708,458339,2,1637732518
71708,3315342,6,1637732519
71708,800369,3,1637732520
71708,1130884,9,1637732521
71708,993846,4,1637732522
71708,451279,6,1637732523
71708,1228705,4,1637732524
71708,361748,7,1637732525
71708,1074638,9,1637732526
71708,1211837,4,1637732527
71708,1951264,10,1637732528
71708,3896198,2,1637732529
71708,7713068,8,1637732530
71708,8946378,9,1637732531
71708,1663202,5,1637732532
71708,1201607,7,1637732533
71708,1745960,5,1637732534
71708,2771200,7,1637732535
71708,3183660,5,1637732536
71708,948470,8,1637732537
71708,6139732,9,1637732538
71708,478970,1,1637732539
71708,910970,7,1637732540
71708,6105098,7,1637732541
71708,1790864,9,1637732542
71708,1119646,1,1637732543
71708,2802144,4,1637732544
71708,2245084,6,1637732545
71708,1323594,8,1637732546
71708,330373,8,1637732547
71708,2872732,4,1637732548
71708,1396484,8,1637732549
71708,4520988,5,1637732550
71708,1843866,2,1637732551
71708,2084970,8,1637732552
71708,770828,2,1637732553
71708,1877832,3,1637732554
71708,2250912,4,1637732555
71708,2543164,5,1637732556
71708,926084,8,1637732557
71708,373889,5,1637732558
71709,1375666,6,1637732490
71709,1431045,7,1637732491
71709,499549,8,1637732492
71709,816692,4,1637732493
71709,1853728,8,1637732494
71709,6320628,8,1637732495
71709,1392170,6,1637732496
71709,1049413,7,1637732497
71709,2096673,5,1637732498
71709,3896198,5,1637732499
71709,8946378,7,1637732500
71709,1745960,10,1637732501
71709,3183660,7,1637732502
71709,478970,8,1637732503
71709,1790864,6,1637732504
71709,1323594,8,1637732505
71709,1396484,9,1637732506
71709,988045,6,1637732507
71709,454876,7,1637732508
71709,4972582,8,1637732509
71710,1375666,8,1637732490
71710,1431045,7,1637732491
71710,848228,8,1637732492
71710,468569,9,1637732493
71710,499549,8,1637732494
71710,816692,10,1637732495
71710,2015381,7,1637732496
71710,1853728,9,1637732497
71710,6320628,8,1637732498
71710,371746,7,1637732499
71710,1345836,10,1637732500
71710,369610,7,1637732501
71710,1300854,7,1637732502
71710,2488496,6,1637732503
71710,3498820,8,1637732504
71710,2395427,7,1637732505
71710,1049413,9,1637732506
71710,2096673,8,1637732507
71710,800369,7,1637732508
71710,1130884,9,1637732509
71710,1745960,8,1637732510
71711,848228,10,1637732490
71711,2015381,6,1637732491
71711,4154664,9,1637732492
71711,6320628,10,1637732493
71711,1392170,8,1637732494
71711,3498820,10,1637732495
71711,3498820,10,1637732496
71711,458339,10,1637732497
71711,800369,10,1637732498
71711,1228705,10,1637732499
71711,1211837,8,1637732500
71711,1951264,7,1637732501
71711,2771200,9,1637732502
71711,948470,9,1637732503
71711,6105098,7,1637732504
71711,1119646,10,1637732505
71711,1323594,7,1637732506
71711,1396484,4,1637732507
71711,1843866,10,1637732508
71711,2250912,10,1637732509
71711,2250912,10,1637732510
71711,2294629,5,1637732511
71712,1375666,9,1637732490
71712,1431045,7,1637732491
71712,848228,8,1637732492
71712,468569,8,1637732493
71712,499549,7,1637732494
71712,816692,10,1637732495
71712,816692,10,1637732496
71712,2015381,5,1637732497
71712,4154664,1,1637732498
71712,1853728,6,1637732499
71712,6320628,6,1637732500
71712,1392170,8,1637732501
71712,1392190,5,1637732502
71712,371746,8,1637732503
71712,1345836,10,1637732504
71712,369610,4,1637732505
71712,1300854,3,1637732506
71712,1386697,3,1637732507
71712,2488496,3,1637732508
71712,3498820,6,1637732509
71712,903624,8,1637732510
71713,1375666,10,1637732490
71713,499549,8,1637732491
71713,816692,9,1637732492
71713,1392170,9,1637732493
71713,1130884,9,1637732494
71713,993846,8,1637732495
71713,1951264,9,1637732496
71713,1201607,9,1637732497
71713,2771200,6,1637732498
71713,3183660,9,1637732499
71713,910970,8,1637732500
71713,1790864,10,1637732501
71713,1119646,7,1637732502
71713,2245084,8,1637732503
71713,1323594,7,1637732504
71713,330373,9,1637732505
71713,4520988,3,1637732506
71713,926084,8,1637732507
71713,373889,7,1637732508
71713,4972582,9,1637732509
71714,468569,10,1637732490
71714,816692,10,1637732491
71714,2015381,9,1637732492
71714,6320628,8,1637732493
71714,1300854,6,1637732494
71714,1386697,2,1637732495
71714,2488496,3,1637732496
71714,3498820,8,1637732497
71714,2395427,7,1637732498
71714,372784,8,1637732499
71714,458339,10,1637732500
71714,800369,5,1637732501
71714,993846,8,1637732502
71714,1228705,6,1637732503
71714,1074638,8,1637732504
71714,1211837,10,1637732505
71714,3896198,10,1637732506
71714,948470,7,1637732507
71714,478970,9,1637732508
71714,1119646,9,1637732509
71714,1323594,7,1637732510
71714,1843866,9,1637732511
71714,2250912,7,1637732512
71715,1375666,9,1637732490
71715,1431045,8,1637732491
71715,848228,8,1637732492
71715,468569,9,1637732493
71715,499549,9,1637732494
71715,2015381,7,1637732495
71715,4154664,5,1637732496
71715,6320628,8,1637732497
71715,1392170,8,1637732498
71715,371746,7,1637732499
71715,1345836,9,1637732500
71715,369610,6,1637732501
71715,1386697,6,1637732502
71715,2488496,6,1637732503
71715,3498820,8,1637732504
71715,903624,8,1637732505
71715,2395427,7,1637732506
71715,3659388,9,1637732507
71715,1049413,9,1637732508
71715,2096673,5,1637732509
71715,458339,7,1637732510
71715,800369,7,1637732511
71715,1130884,9,1637732512
71715,993846,9,1637732513
71715,451279,6,1637732514
71716,1375666,7,1637732490
71716,1431045,9,1637732491
71716,848228,10,1637732492
71716,2015381,8,1637732493
71716,371746,8,1637732494
71716,369610,7,1637732495
71716,1300854,8,1637732496
71716,2395427,6,1637732497
71716,1049413,10,1637732498
71716,458339,8,1637732499
71716,993846,10,1637732500
71716,1228705,8,1637732501
71716,1074638,4,1637732502
71716,1211837,6,1637732503
71716,7713068,8,1637732504
71716,1745960,7,1637732505
71716,6105098,10,1637732506
71716,2245084,8,1637732507
71716,1323594,5,1637732508
71716,1396484,8,1637732509
71717,1375666,8,1637732490
71717,1431045,7,1637732491
71717,848228,10,1637732492
71717,468569,8,1637732493
71717,499549,8,1637732494
71717,816692,9,1637732495
71717,2015381,7,1637732496
71717,4154664,5,1637732497
71717,1853728,7,1637732498
71717,6320628,9,1637732499
71717,1392170,9,1637732500
71717,1392190,4,1637732501
71717,371746,10,1637732502
71717,1345836,6,1637732503
71717,369610,7,1637732504
71717,1300854,8,1637732505
71717,1386697,8,1637732506
71717,2488496,6,1637732507
71717,3498820,5,1637732508
71717,7131622,5,1637732509
71717,903624,3,1637732510
71717,2395427,5,1637732511
71717,372784,6,1637732512
71717,2975590,5,1637732513
71717,3659388,9,1637732514
71717,1049413,10,1637732515
71717,8579674,3,1637732516
71717,2096673,8,1637732517
71717,458339,10,1637732518
71717,3315342,5,1637732519
71717,800369,8,1637732520
71717,1130884,7,1637732521
71717,993846,9,1637732522
71717,451279,10,1637732523
71717,1228705,10,1637732524
71717,361748,6,1637732525
71717,1074638,7,1637732526
71717,1211837,9,1637732527
71717,1951264,7,1637732528
71717,3896198,7,1637732529
71717,7713068,3,1637732530
71717,8946378,7,1637732531
71717,1663202,6,1637732532
71717,1201607,10,1637732533
71717,1745960,10,1637732534
71717,2771200,10,1637732535
71717,3183660,3,1637732536
71717,948470,9,1637732537
71717,6139732,10,1637732538
71717,478970,6,1637732539
71717,910970,8,1637732540
71717,6105098,10,1637732541
71717,1790864,8,1637732542
71717,1119646,10,1637732543
71717,2802144,10,1637732544
71717,2245084,5,1637732545
71717,1323594,8,1637732546
71717,330373,9,1637732547
71717,2872732,6,1637732548
71717,1396484,5,1637732549
71717,4520988,9,1637732550
71717,1843866,9,1637732551
71717,2084970,7,1637732552
71717,770828,8,1637732553
71717,1877832,4,1637732554
71717,2250912,10,1637732555
71717,2543164,2,1637732556
71717,926084,7,1637732557
71717,373889,7,1637732558
71717,3748528,8,1637732559
71717,448115,9,1637732560
71717,437086,6,1637732561
71717,2294629,9,1637732562
71717,1981115,8,1637732563
71717,988045,10,1637732564
71717,383574,9,1637732565
71717,2584384,5,1637732566
71717,454876,10,1637732567
71717,3501632,8,1637732568
71717,816711,4,1637732569
71717,6723592,4,1637732570
71717,480249,6,1637732571
71717,1502397,4,1637732572
71717,4972582,4,1637732573
71717,7097896,6,1637732574
71717,6823368,7,1637732575
71717,3228774,10,1637732576
71718,1375666,9,1637732490
71718,1431045,8,1637732491
71718,848228,6,1637732492
71718,468569,10,1637732493
71718,499549,0,1637732494
71718,816692,5,1637732495
71718,2015381,7,1637732496
71718,4154664,0,1637732497
71718,1853728,9,1637732498
71718,6320628,8,1637732499
71718,1392170,3,1637732500
71718,371746,9,1637732501
71718,1345836,10,1637732502
71718,369610,6,1637732503
71718,1300854,7,1637732504
71718,1386697,4,1637732505
71718,2488496,0,1637732506
71718,3498820,5,1637732507
71718,7131622,6,1637732508
71718,903624,0,1637732509
71718,2395427,0,1637732510
71719,1375666,5,1637732490
71719,1431045,6,1637732491
71719,848228,6,1637732492
71719,468569,10,1637732493
71719,816692,9,1637732494
71719,2015381,6,1637732495
71719,4154664,6,1637732496
71719,1853728,10,1637732497
71719,371746,4,1637732498
71719,1345836,10,1637732499
71719,1300854,3,1637732500
71719,1386697,6,1637732501
71719,2488496,6,1637732502
71719,3498820,9,1637732503
71719,2975590,2,1637732504
71719,3659388,9,1637732505
71719,993846,9,1637732506
71719,361748,9,1637732507
71719,1951264,5,1637732508
71719,1745960,4,1637732509
71719,1323594,7,1637732510
71719,4520988,1,1637732511
71719,1843866,8,1637732512
71719,2294629,5,1637732513
71720,1375666,9,1637732490
71720,1431045,8,1637732491
71720,848228,8,1637732492
71720,468569,9,1637732493
71720,499549,6,1637732494
71720,816692,10,1637732495
71720,2015381,9,1637732496
71720,1853728,10,1637732497
71720,1392170,7,1637732498
71720,1392190,10,1637732499
71720,371746,9,1637732500
71720,369610,4,1637732501
71720,2488496,6,1637732502
71720,3498820,8,1637732503
71720,903624,7,1637732504
71720,2395427,6,1637732505
71720,3659388,9,1637732506
71720,1049413,9,1637732507
71720,2096673,9,1637732508
71720,458339,8,1637732509
71720,993846,9,1637732510
71720,361748,10,1637732511
71721,1375666,9,1637732490
71721,1431045,8,1637732491
71721,848228,10,1637732492
71721,468569,7,1637732493
71721,499549,10,1637732494
71721,816692,10,1637732495
71721,2015381,10,1637732496
71721,4154664,10,1637732497
71721,1853728,6,1637732498
71721,6320628,10,1637732499
71721,1392170,10,1637732500
71721,1392190,10,1637732501
71721,458339,10,1637732502
71721,1130884,10,1637732503
71721,1211837,10,1637732504
71721,8946378,10,1637732505
71721,1201607,10,1637732506
71721,2771200,10,1637732507
71721,3183660,10,1637732508
71721,6139732,10,1637732509
71721,1119646,10,1637732510
71721,2245084,10,1637732511
71721,1323594,10,1637732512
71721,330373,10,1637732513
71721,2872732,10,1637732514
71722,848228,9,1637732490
71722,468569,10,1637732491
71722,499549,9,1637732492
71722,4154664,5,1637732493
71722,6320628,9,1637732494
71722,371746,10,1637732495
71722,1345836,10,1637732496
71722,1300854,9,1637732497
71722,1386697,10,1637732498
71722,372784,10,1637732499
71722,2096673,9,1637732500
71722,458339,9,1637732501
71722,993846,10,1637732502
71722,8946378,10,1637732503
71722,1201607,10,1637732504
71722,948470,10,1637732505
71722,1119646,10,1637732506
71722,330373,10,1637732507
71722,926084,10,1637732508
71722,373889,10,1637732509
71722,3501632,10,1637732510
71723,1375666,9,1637732490
71723,1431045,8,1637732491
71723,848228,8,1637732492
71723,468569,9,1637732493
71723,499549,3,1637732494
71723,816692,9,1637732495
71723,2015381,7,1637732496
71723,6320628,9,1637732497
71723,1392170,8,1637732498
71723,1392190,3,1637732499
71723,371746,5,1637732500
71723,1345836,3,1637732501
71723,1386697,4,1637732502
71723,3498820,5,1637732503
71723,7131622,0,1637732504
71723,372784,3,1637732505
71723,458339,4,1637732506
71723,993846,6,1637732507
71723,1074638,8,1637732508
71723,1951264,7,1637732509
71723,3896198,5,1637732510
71723,7713068,6,1637732511
71723,8946378,9,1637732512
71723,1745960,8,1637732513
71724,1853728,5,1637732490
71724,6320628,9,1637732491
71724,1392170,10,1637732492
71724,1386697,8,1637732493
71724,1049413,9,1637732494
71724,451279,9,1637732495
71724,1951264,9,1637732496
71724,7713068,9,1637732497
71724,8946378,10,1637732498
71724,1201607,10,1637732499
71724,1745960,3,1637732500
71724,3183660,4,1637732501
71724,6105098,10,1637732502
71724,1790864,10,1637732503
71724,4520988,5,1637732504
71724,2250912,9,1637732505
71724,926084,8,1637732506
71724,373889,10,1637732507
71724,3783958,5,1637732508
71724,2294629,10,1637732509
71725,1375666,7,1637732490
71725,816692,4,1637732491
71725,1853728,9,1637732492
71725,6320628,7,1637732493
71725,1392170,5,1637732494
71725,1386697,7,1637732495
71725,7131622,7,1637732496
71725,3659388,5,1637732497
71725,1130884,9,1637732498
71725,993846,8,1637732499
71725,361748,7,1637732500
71725,1074638,7,1637732501
71725,8946378,7,1637732502
71725,1790864,4,1637732503
71725,1119646,8,1637732504
71725,1323594,6,1637732505
71725,4520988,4,1637732506
71725,2267998,9,1637732507
71725,3783958,7,1637732508
71725,2294629,4,1637732509
71726,1375666,10,1637732490
71726,1431045,2,1637732491
71726,848228,10,1637732492
71726,468569,10,1637732493
71726,499549,8,1637732494
71726,816692,10,1637732495
71726,2015381,4,1637732496
71726,4154664,0,1637732497
71726,1853728,0,1637732498
71726,6320628,7,1637732499
71726,1392170,10,1637732500
71726,1392190,7,1637732501
71726,1392190,7,1637732502
71726,371746,10,1637732503
71726,1345836,10,1637732504
71726,369610,8,1637732505
71726,1300854,8,1637732506
71726,1386697,0,1637732507
71726,2488496,0,1637732508
71726,2488496,0,1637732509
71726,3498820,10,1637732510
71727,499549,9,1637732490
71727,2015381,6,1637732491
71727,1853728,10,1637732492
71727,6320628,8,1637732493
71727,1392170,7,1637732494
71727,371746,7,1637732495
71727,1345836,3,1637732496
71727,369610,8,1637732497
71727,1300854,8,1637732498
71727,1386697,9,1637732499
71727,2771200,10,1637732500
71727,1323594,9,1637732501
71727,4520988,7,1637732502
71727,2584384,5,1637732503
71727,454876,9,1637732504
71727,3501632,3,1637732505
71727,816711,6,1637732506
71727,1502397,7,1637732507
71727,4972582,7,1637732508
71727,7097896,3,1637732509
71728,1431045,8,1637732490
71728,816692,10,1637732491
71728,1853728,8,1637732492
71728,1386697,7,1637732493
71728,7131622,7,1637732494
71728,903624,9,1637732495
71728,8579674,9,1637732496
71728,993846,9,1637732497
71728,1074638,9,1637732498
71728,1211837,9,1637732499
71728,1663202,8,1637732500
71728,2771200,8,1637732501
71728,478970,7,1637732502
71728,6105098,8,1637732503
71728,1119646,9,1637732504
71728,2872732,7,1637732505
71728,1396484,8,1637732506
71728,2084970,9,1637732507
71728,816711,7,1637732508
71728,480249,7,1637732509
71728,1431045,8,1637732510
71728,816692,10,1637732511
71728,1853728,8,1637732512
71728,1386697,7,1637732513
71728,7131622,7,1637732514
71728,903624,9,1637732515
71728,8579674,9,1637732516
71728,993846,9,1637732517
71728,1074638,9,1637732518
71728,1211837,9,1637732519
71728,1663202,8,1637732520
71728,2771200,8,1637732521
71728,478970,7,1637732522
71728,6105098,8,1637732523
71728,1119646,9,1637732524
71728,2872732,7,1637732525
71728,1396484,8,1637732526
71728,2084970,9,1637732527
71728,816711,7,1637732528
71728,480249,7,1637732529
71729,1375666,9,1637732490
71729,1431045,8,1637732491
71729,848228,8,1637732492
71729,468569,9,1637732493
71729,499549,10,1637732494
71729,816692,10,1637732495
71729,2015381,7,1637732496
71729,4154664,5,1637732497
71729,1853728,9,1637732498
71729,6320628,7,1637732499
71729,1392170,7,1637732500
71729,371746,8,1637732501
71729,2488496,7,1637732502
71729,3498820,5,1637732503
71729,2395427,6,1637732504
71729,2975590,3,1637732505
71729,1049413,10,1637732506
71729,448115,3,1637732507
71729,988045,4,1637732508
71729,2584384,7,1637732509
71729,454876,10,1637732510
71729,3501632,7,1637732511
71729,4972582,8,1637732512
71729,7097896,5,1637732513
71730,1375666,9,1637732490
71730,1431045,9,1637732491
71730,848228,7,1637732492
71730,468569,10,1637732493
71730,499549,5,1637732494
71730,816692,8,1637732495
71730,2015381,9,1637732496
71730,4154664,2,1637732497
71730,1853728,10,1637732498
71730,6320628,8,1637732499
71730,1392170,6,1637732500
71730,1392190,7,1637732501
71730,371746,9,1637732502
71730,1345836,10,1637732503
71730,369610,7,1637732504
71730,1300854,9,1637732505
71730,1386697,0,1637732506
71730,2488496,2,1637732507
71730,3498820,6,1637732508
71730,7131622,7,1637732509
71730,903624,5,1637732510
71730,2395427,5,1637732511
71730,372784,8,1637732512
71730,2975590,6,1637732513
71730,3659388,9,1637732514
71730,1049413,6,1637732515
71730,8579674,7,1637732516
71730,2096673,5,1637732517
71730,458339,8,1637732518
71730,3315342,10,1637732519
71730,800369,5,1637732520
71730,1130884,9,1637732521
71730,993846,10,1637732522
71730,451279,7,1637732523
71730,1228705,8,1637732524
71730,361748,10,1637732525
71730,1074638,10,1637732526
71730,1211837,9,1637732527
71730,1951264,7,1637732528
71730,3896198,7,1637732529
71730,7713068,5,1637732530
71730,8946378,10,1637732531
71730,1663202,8,1637732532
71730,1201607,10,1637732533
71730,1745960,9,1637732534
71730,2771200,6,1637732535
71730,3183660,7,1637732536
71731,1375666,7,1637732490
71731,1431045,10,1637732491
71731,848228,8,1637732492
71731,468569,7,1637732493
71731,499549,10,1637732494
71731,816692,5,1637732495
71731,2015381,9,1637732496
71731,4154664,6,1637732497
71731,1853728,5,1637732498
71731,6320628,9,1637732499
71731,1392170,10,1637732500
71731,1392190,5,1637732501
71731,371746,10,1637732502
71731,1345836,10,1637732503
71731,369610,10,1637732504
71731,1300854,10,1637732505
71731,1386697,6,1637732506
71731,2488496,8,1637732507
71731,3498820,8,1637732508
71731,7131622,8,1637732509
71731,903624,5,1637732510
71731,2395427,10,1637732511
71731,372784,10,1637732512
71731,2975590,5,1637732513
71731,3659388,5,1637732514
71731,1049413,5,1637732515
71731,8579674,5,1637732516
71731,2096673,5,1637732517
71731,458339,8,1637732518
71731,3315342,5,1637732519
71731,800369,10,1637732520
71731,1130884,5,1637732521
71731,993846,10,1637732522
71731,993846,10,1637732523
71731,451279,5,1637732524
71731,1228705,10,1637732525
71731,361748,5,1637732526
71731,1074638,5,1637732527
71731,1211837,9,1637732528
71731,1951264,10,1637732529
71731,3896198,6,1637732530
71731,7713068,5,1637732531
71731,8946378,5,1637732532
71731,1663202,5,1637732533
71731,1201607,7,1637732534
71731,1745960,5,1637732535
71731,2771200,8,1637732536
71731,3183660,6,1637732537
71731,948470,10,1637732538
71731,6139732,7,1637732539
71731,478970,8,1637732540
71731,910970,5,1637732541
71731,6105098,10,1637732542
71731,1790864,5,1637732543
71731,1119646,5,1637732544
71731,2802144,10,1637732545
71731,2802144,10,1637732546
71731,2245084,5,1637732547
71731,1323594,5,1637732548
71731,330373,8,1637732549
71731,2872732,5,1637732550
71731,1396484,5,1637732551
71731,4520988,5,1637732552
71731,1843866,8,1637732553
71731,2084970,5,1637732554
71731,770828,5,1637732555
71731,1877832,6,1637732556
71731,2250912,10,1637732557
71731,2543164,5,1637732558
71731,926084,7,1637732559
71731,373889,8,1637732560
71732,1375666,8,1637732490
71732,1431045,8,1637732491
71732,848228,6,1637732492
71732,468569,9,1637732493
71732,499549,7,1637732494
71732,816692,9,1637732495
71732,2015381,8,1637732496
71732,4154664,7,1637732497
71732,6320628,8,1637732498
71732,1392190,7,1637732499
71732,1345836,9,1637732500
71732,369610,6,1637732501
71732,3498820,8,1637732502
71732,8579674,9,1637732503
71732,1211837,8,1637732504
71732,1201607,10,1637732505
71732,1790864,8,1637732506
71732,330373,10,1637732507
71732,4520988,6,1637732508
71732,373889,10,1637732509
71733,1375666,9,1637732490
71733,1431045,3,1637732491
71733,848228,5,1637732492
71733,468569,4,1637732493
71733,499549,6,1637732494
71733,816692,9,1637732495
71733,2015381,7,1637732496
71733,4154664,5,1637732497
71733,1853728,2,1637732498
71733,6320628,7,1637732499
71733,1392170,10,1637732500
71733,1392190,7,1637732501
71733,371746,7,1637732502
71733,1345836,5,1637732503
71733,369610,8,1637732504
71733,1300854,3,1637732505
71733,1386697,8,1637732506
71733,2488496,10,1637732507
71733,3498820,7,1637732508
71733,7131622,9,1637732509
71733,903624,9,1637732510
71733,2395427,4,1637732511
71733,372784,4,1637732512
71733,2975590,5,1637732513
71733,3659388,6,1637732514
71733,1049413,10,1637732515
71733,8579674,10,1637732516
71733,2096673,10,1637732517
71733,458339,5,1637732518
71733,3315342,7,1637732519
71733,800369,5,1637732520
71733,1130884,7,1637732521
71733,993846,10,1637732522
71733,451279,8,1637732523
71733,1228705,5,1637732524
71733,361748,6,1637732525
71733,1074638,8,1637732526
71733,1211837,8,1637732527
71733,1951264,10,1637732528
71733,3896198,7,1637732529
71733,7713068,8,1637732530
71733,8946378,9,1637732531
71733,1663202,3,1637732532
71733,1201607,10,1637732533
71733,1745960,4,1637732534
71733,2771200,10,1637732535
71733,3183660,9,1637732536
71733,948470,7,1637732537
71733,6139732,10,1637732538
71733,478970,2,1637732539
71733,910970,10,1637732540
71733,6105098,10,1637732541
71733,1790864,8,1637732542
71733,1119646,9,1637732543
71733,2802144,7,1637732544
71733,2245084,10,1637732545
71733,1323594,10,1637732546
71733,330373,10,1637732547
71733,2872732,7,1637732548
71733,1396484,7,1637732549
71733,4520988,9,1637732550
71733,1843866,4,1637732551
71733,2084970,6,1637732552
71733,770828,6,1637732553
71733,1877832,3,1637732554
71733,2250912,3,1637732555
71733,2543164,5,1637732556
71733,926084,10,1637732557
71733,373889,10,1637732558
71733,1951265,3,1637732559
71733,3783958,9,1637732560
71733,3748528,5,1637732561
71733,448115,10,1637732562
71733,437086,10,1637732563
71733,2294629,2,1637732564
71733,1981115,10,1637732565
71733,988045,3,1637732566
71733,383574,10,1637732567
71733,2584384,7,1637732568
71733,454876,5,1637732569
71733,3501632,8,1637732570
71733,816711,8,1637732571
71733,6723592,3,1637732572
71733,480249,4,1637732573
71733,1502397,8,1637732574
71733,4972582,6,1637732575
71733,7097896,6,1637732576
71733,6823368,7,1637732577
71733,3228774,9,1637732578
71734,499549,9,1637732490
71734,4154664,9,1637732491
71734,1049413,10,1637732492
71734,451279,10,1637732493
71734,1951264,9,1637732494
71734,8946378,9,1637732495
71734,1663202,7,1637732496
71734,1201607,8,1637732497
71734,2771200,9,1637732498
71734,3183660,8,1637732499
71734,948470,8,1637732500
71734,6139732,8,1637732501
71734,6105098,10,1637732502
71734,1119646,10,1637732503
71734,2245084,7,1637732504
71734,1323594,9,1637732505
71734,1843866,9,1637732506
71734,926084,8,1637732507
71734,2294629,10,1637732508
71734,3228774,6,1637732509
71735,1431045,9,1637732490
71735,848228,7,1637732491
71735,468569,10,1637732492
71735,499549,9,1637732493
71735,816692,9,1637732494
71735,1392170,8,1637732495
71735,1049413,7,1637732496
71735,8579674,8,1637732497
71735,3315342,9,1637732498
71735,993846,8,1637732499
71735,8946378,8,1637732500
71735,1663202,9,1637732501
71735,1745960,10,1637732502
71735,478970,6,1637732503
71735,6105098,5,1637732504
71735,2802144,8,1637732505
71735,2872732,4,1637732506
71735,770828,5,1637732507
71735,454876,7,1637732508
71735,3501632,6,1637732509
71735,1431045,9,1637732510
71735,848228,7,1637732511
71735,468569,10,1637732512
71735,499549,9,1637732513
71735,816692,9,1637732514
71735,1392170,8,1637732515
71735,1049413,7,1637732516
71735,8579674,8,1637732517
71735,3315342,9,1637732518
71735,993846,8,1637732519
71735,8946378,8,1637732520
71735,1663202,9,1637732521
71735,1745960,10,1637732522
71735,478970,6,1637732523
71735,6105098,5,1637732524
71735,2802144,8,1637732525
71735,2872732,4,1637732526
71735,770828,5,1637732527
71735,454876,7,1637732528
71735,3501632,6,1637732529
71736,1375666,8,1637732490
71736,1431045,8,1637732491
71736,848228,7,1637732492
71736,468569,6,1637732493
71736,499549,7,1637732494
71736,816692,9,1637732495
71736,2015381,6,1637732496
71736,4154664,4,1637732497
71736,1853728,8,1637732498
71736,6320628,6,1637732499
71736,371746,7,1637732500
71736,1300854,7,1637732501
71736,2395427,7,1637732502
71736,1228705,6,1637732503
71736,1201607,8,1637732504
71736,330373,7,1637732505
71736,926084,9,1637732506
71736,373889,9,1637732507
71736,4972582,7,1637732508
71736,7097896,7,1637732509
71737,1375666,10,1637732490
71737,1431045,7,1637732491
71737,848228,6,1637732492
71737,468569,10,1637732493
71737,499549,9,1637732494
71737,816692,10,1637732495
71737,2015381,7,1637732496
71737,4154664,3,1637732497
71737,1853728,10,1637732498
71737,6320628,6,1637732499
71737,1392170,9,1637732500
71737,1392190,10,1637732501
71737,371746,8,1637732502
71737,1345836,9,1637732503
71737,369610,5,1637732504
71737,1300854,7,1637732505
71737,1386697,4,1637732506
71737,2488496,7,1637732507
71737,3498820,7,1637732508
71737,7131622,10,1637732509
71737,903624,10,1637732510
71737,2395427,8,1637732511
71737,372784,8,1637732512
71737,2975590,3,1637732513
71737,3659388,10,1637732514
71737,1049413,10,1637732515
71737,8579674,8,1637732516
71737,2096673,9,1637732517
71737,458339,7,1637732518
71737,3315342,9,1637732519
71737,800369,7,1637732520
71737,1130884,10,1637732521
71737,993846,10,1637732522
71737,451279,7,1637732523
71737,1228705,7,1637732524
71737,361748,10,1637732525
71737,1074638,8,1637732526
71737,1211837,8,1637732527
71737,1951264,9,1637732528
71737,3896198,6,1637732529
71737,7713068,6,1637732530
71737,8946378,9,1637732531
71737,1663202,10,1637732532
71737,1201607,10,1637732533
71737,1745960,7,1637732534
71737,2771200,8,1637732535
71737,3183660,8,1637732536
71737,948470,7,1637732537
71737,6139732,7,1637732538
71737,478970,6,1637732539
71737,910970,10,1637732540
71737,6105098,9,1637732541
71737,1790864,9,1637732542
71737,1119646,9,1637732543
71737,2802144,7,1637732544
71737,2245084,8,1637732545
71737,1323594,9,1637732546
71737,330373,10,1637732547
71737,1396484,7,1637732548
71737,4520988,7,1637732549
71737,1843866,8,1637732550
71737,770828,7,1637732551
71737,1877832,7,1637732552
71737,2250912,6,1637732553
71737,926084,10,1637732554
71737,373889,9,1637732555
71738,1375666,5,1637732490
71738,1431045,5,1637732491
71738,848228,6,1637732492
71738,468569,6,1637732493
71738,4154664,4,1637732494
71738,6320628,6,1637732495
71738,1392170,6,1637732496
71738,369610,8,1637732497
71738,1386697,6,1637732498
71738,2096673,6,1637732499
71738,2771200,7,1637732500
71738,2294629,7,1637732501
71738,988045,9,1637732502
71738,383574,7,1637732503
71738,454876,8,1637732504
71738,3501632,5,1637732505
71738,480249,7,1637732506
71738,1502397,8,1637732507
71738,7097896,5,1637732508
71738,6823368,4,1637732509
71739,1375666,4,1637732490
71739,1431045,6,1637732491
71739,848228,7,1637732492
71739,468569,8,1637732493
71739,499549,9,1637732494
71739,816692,4,1637732495
71739,2015381,1,1637732496
71739,4154664,3,1637732497
71739,1853728,9,1637732498
71739,6320628,6,1637732499
71739,1392170,8,1637732500
71739,1392190,5,1637732501
71739,371746,6,1637732502
71739,1345836,8,1637732503
71739,369610,3,1637732504
71739,1300854,4,1637732505
71739,1386697,0,1637732506
71739,2488496,3,1637732507
71739,3498820,4,1637732508
71739,7131622,7,1637732509
71739,903624,5,1637732510
71739,2395427,3,1637732511
71739,372784,6,1637732512
71739,2975590,0,1637732513
71739,3659388,3,1637732514
71739,1049413,10,1637732515
71739,8579674,7,1637732516
71739,2096673,8,1637732517
71739,458339,7,1637732518
71739,3315342,6,1637732519
71739,800369,5,1637732520
71739,3501632,8,1637732521
71740,1431045,2,1637732490
71740,848228,7,1637732491
71740,499549,8,1637732492
71740,2015381,6,1637732493
71740,4154664,2,1637732494
71740,1853728,5,1637732495
71740,6320628,9,1637732496
71740,1392170,10,1637732497
71740,371746,4,1637732498
71740,1300854,1,1637732499
71740,1386697,7,1637732500
71740,3498820,8,1637732501
71740,2395427,10,1637732502
71740,458339,4,1637732503
71740,1951264,10,1637732504
71740,1790864,10,1637732505
71740,1396484,6,1637732506
71740,2250912,9,1637732507
71740,1670345,10,1637732508
71740,1454468,0,1637732509
71741,1375666,6,1637732490
71741,1431045,8,1637732491
71741,848228,9,1637732492
71741,468569,7,1637732493
71741,499549,8,1637732494
71741,816692,7,1637732495
71741,2015381,8,1637732496
71741,4154664,9,1637732497
71741,1853728,6,1637732498
71741,1853728,6,1637732499
71741,6320628,8,1637732500
71741,1392170,8,1637732501
71741,1392190,5,1637732502
71741,371746,7,1637732503
71741,1345836,5,1637732504
71741,369610,9,1637732505
71741,1300854,7,1637732506
71741,1386697,7,1637732507
71741,2488496,5,1637732508
71741,6139732,9,1637732509
71742,848228,8,1637732490
71742,468569,7,1637732491
71742,499549,10,1637732492
71742,2015381,6,1637732493
71742,4154664,7,1637732494
71742,6320628,10,1637732495
71742,1392170,10,1637732496
71742,371746,6,1637732497
71742,1345836,7,1637732498
71742,369610,9,1637732499
71742,1300854,10,1637732500
71742,1386697,10,1637732501
71742,2488496,10,1637732502
71742,3498820,7,1637732503
71742,903624,8,1637732504
71742,2395427,5,1637732505
71742,1951264,10,1637732506
71742,1201607,10,1637732507
71742,3183660,7,1637732508
71742,6105098,10,1637732509
71743,848228,9,1637732490
71743,499549,7,1637732491
71743,4154664,5,1637732492
71743,1392170,6,1637732493
71743,371746,8,1637732494
71743,1300854,7,1637732495
71743,3498820,7,1637732496
71743,903624,8,1637732497
71743,2395427,8,1637732498
71743,3315342,9,1637732499
71743,800369,8,1637732500
71743,451279,6,1637732501
71743,1228705,7,1637732502
71743,1211837,10,1637732503
71743,1201607,8,1637732504
71743,2771200,6,1637732505
71743,3183660,9,1637732506
71743,910970,7,1637732507
71743,6105098,8,1637732508
71743,2802144,5,1637732509
71743,330373,7,1637732510
71743,2250912,8,1637732511
71743,373889,8,1637732512
71744,1375666,8,1637732490
71744,848228,9,1637732491
71744,468569,10,1637732492
71744,2015381,10,1637732493
71744,4154664,5,1637732494
71744,1392170,9,1637732495
71744,1345836,10,1637732496
71744,1300854,7,1637732497
71744,3498820,6,1637732498
71744,3659388,10,1637732499
71744,1049413,9,1637732500
71744,1228705,5,1637732501
71744,1211837,9,1637732502
71744,8946378,9,1637732503
71744,910970,9,1637732504
71744,2245084,9,1637732505
71744,1843866,10,1637732506
71744,2084970,10,1637732507
71744,988045,8,1637732508
71744,3501632,8,1637732509
71745,1375666,9,1637732490
71745,1431045,8,1637732491
71745,848228,7,1637732492
71745,468569,10,1637732493
71745,499549,9,1637732494
71745,816692,9,1637732495
71745,2015381,9,1637732496
71745,4154664,4,1637732497
71745,1853728,5,1637732498
71745,6320628,8,1637732499
71745,1392170,8,1637732500
71745,1392190,8,1637732501
71745,371746,10,1637732502
71745,1345836,10,1637732503
71745,369610,8,1637732504
71745,1300854,10,1637732505
71745,1386697,8,1637732506
71745,2488496,8,1637732507
71745,3498820,9,1637732508
71745,7131622,7,1637732509
71745,903624,9,1637732510
71745,2395427,9,1637732511
71745,372784,8,1637732512
71745,2975590,8,1637732513
71745,3659388,9,1637732514
71745,1049413,9,1637732515
71745,8579674,8,1637732516
71745,2096673,7,1637732517
71745,458339,7,1637732518
71745,3315342,7,1637732519
71745,800369,6,1637732520
71745,1130884,7,1637732521
71745,993846,7,1637732522
71745,451279,7,1637732523
71745,1228705,8,1637732524
71745,361748,8,1637732525
71745,1074638,10,1637732526
71745,1211837,10,1637732527
71745,1951264,10,1637732528
71745,3896198,9,1637732529
71745,7713068,8,1637732530
71745,8946378,9,1637732531
71745,1663202,7,1637732532
71745,1201607,8,1637732533
71745,1745960,10,1637732534
71745,2771200,7,1637732535
71745,3183660,7,1637732536
71745,948470,9,1637732537
71745,6139732,8,1637732538
71745,478970,7,1637732539
71745,910970,8,1637732540
71745,6105098,9,1637732541
71745,1790864,8,1637732542
71745,1119646,10,1637732543
71745,2802144,9,1637732544
71746,848228,9,1637732490
71746,468569,6,1637732491
71746,499549,7,1637732492
71746,816692,2,1637732493
71746,2015381,9,1637732494
71746,6320628,9,1637732495
71746,369610,9,1637732496
71746,1300854,9,1637732497
71746,2488496,9,1637732498
71746,3498820,10,1637732499
71746,2395427,8,1637732500
71746,1049413,7,1637732501
71746,458339,9,1637732502
71746,1130884,9,1637732503
71746,993846,9,1637732504
71746,1211837,7,1637732505
71746,3896198,7,1637732506
71746,7713068,3,1637732507
71746,8946378,7,1637732508
71746,1745960,9,1637732509
71746,6139732,9,1637732510
71746,478970,7,1637732511
71746,1790864,8,1637732512
71746,2872732,8,1637732513
71746,1396484,4,1637732514
71746,4520988,3,1637732515
71746,480249,6,1637732516
71747,1375666,10,1637732490
71747,1431045,9,1637732491
71747,848228,8,1637732492
71747,468569,9,1637732493
71747,499549,8,1637732494
71747,816692,10,1637732495
71747,2015381,9,1637732496
71747,4154664,2,1637732497
71747,1853728,9,1637732498
71747,6320628,7,1637732499
71747,1392170,7,1637732500
71747,3498820,7,1637732501
71747,3659388,8,1637732502
71747,1049413,7,1637732503
71747,2096673,6,1637732504
71747,451279,7,1637732505
71747,361748,9,1637732506
71747,3896198,8,1637732507
71747,1745960,10,1637732508
71747,3501632,9,1637732509
71748,1375666,10,1637732490
71748,1431045,8,1637732491
71748,1431045,8,1637732492
71748,848228,9,1637732493
71748,468569,10,1637732494
71748,499549,9,1637732495
71748,816692,10,1637732496
71748,2015381,10,1637732497
71748,4154664,6,1637732498
71748,4154664,6,1637732499
71748,1853728,5,1637732500
71748,6320628,7,1637732501
71748,1392170,8,1637732502
71748,1392190,6,1637732503
71748,371746,7,1637732504
71748,1345836,10,1637732505
71748,369610,6,1637732506
71748,1300854,7,1637732507
71748,1386697,6,1637732508
71748,1386697,6,1637732509
71748,2488496,7,1637732510
71748,3498820,6,1637732511
71748,2395427,7,1637732512
71748,3659388,10,1637732513
71749,1375666,4,1637732490
71749,1431045,9,1637732491
71749,848228,8,1637732492
71749,468569,8,1637732493
71749,499549,9,1637732494
71749,816692,6,1637732495
71749,2015381,8,1637732496
71749,4154664,7,1637732497
71749,1853728,9,1637732498
71749,6320628,9,1637732499
71749,1392170,10,1637732500
71749,1392190,7,1637732501
71749,371746,10,1637732502
71749,1345836,10,1637732503
71749,369610,10,1637732504
71749,1300854,8,1637732505
71749,1386697,10,1637732506
71749,2488496,9,1637732507
71749,3498820,9,1637732508
71749,7131622,7,1637732509
71749,903624,10,1637732510
71749,2395427,10,1637732511
71749,372784,10,1637732512
71749,2975590,7,1637732513
71750,1431045,8,1637732490
71750,848228,7,1637732491
71750,468569,10,1637732492
71750,499549,6,1637732493
71750,816692,9,1637732494
71750,2015381,7,1637732495
71750,4154664,3,1637732496
71750,1853728,9,1637732497
71750,6320628,8,1637732498
71750,1392170,7,1637732499
71750,371746,9,1637732500
71750,1345836,8,1637732501
71750,369610,6,1637732502
71750,1300854,7,1637732503
71750,1386697,5,1637732504
71750,2488496,1,1637732505
71750,3498820,7,1637732506
71750,2395427,7,1637732507
71750,372784,8,1637732508
71750,458339,9,1637732509
71751,1431045,8,1637732490
71751,848228,7,1637732491
71751,468569,9,1637732492
71751,468569,9,1637732493
71751,499549,2,1637732494
71751,2015381,8,1637732495
71751,4154664,1,1637732496
71751,1853728,10,1637732497
71751,6320628,3,1637732498
71751,1392190,7,1637732499
71751,371746,7,1637732500
71751,1345836,8,1637732501
71751,369610,5,1637732502
71751,1300854,7,1637732503
71751,1386697,3,1637732504
71751,2488496,6,1637732505
71751,7131622,7,1637732506
71751,2395427,7,1637732507
71751,1049413,8,1637732508
71751,993846,8,1637732509
71751,451279,2,1637732510
71751,3896198,8,1637732511
71751,1663202,8,1637732512
71751,948470,9,1637732513
71751,6139732,6,1637732514
71751,910970,5,1637732515
71751,6105098,6,1637732516
71751,1119646,10,1637732517
71751,2245084,3,1637732518
71751,1323594,8,1637732519
71751,1396484,6,1637732520
71751,2250912,3,1637732521
71751,454876,7,1637732522
71751,1502397,5,1637732523
71752,1375666,10,1637732490
71752,1431045,9,1637732491
71752,848228,8,1637732492
71752,468569,10,1637732493
71752,816692,10,1637732494
71752,2015381,6,1637732495
71752,4154664,3,1637732496
71752,6320628,8,1637732497
71752,371746,10,1637732498
71752,1345836,10,1637732499
71752,1300854,10,1637732500
71752,1386697,5,1637732501
71752,3498820,6,1637732502
71752,7131622,6,1637732503
71752,2395427,6,1637732504
71752,3659388,10,1637732505
71752,1049413,9,1637732506
71752,993846,10,1637732507
71752,1228705,10,1637732508
71752,1211837,9,1637732509
71752,8946378,8,1637732510
71752,1745960,8,1637732511
71753,1375666,5,1637732490
71753,1431045,5,1637732491
71753,848228,7,1637732492
71753,468569,8,1637732493
71753,499549,2,1637732494
71753,816692,7,1637732495
71753,2015381,6,1637732496
71753,4154664,6,1637732497
71753,1853728,8,1637732498
71753,6320628,7,1637732499
71753,1392170,4,1637732500
71753,1392190,3,1637732501
71753,371746,7,1637732502
71753,1345836,7,1637732503
71753,369610,5,1637732504
71753,1300854,6,1637732505
71753,1386697,3,1637732506
71753,1386697,3,1637732507
71753,2488496,6,1637732508
71753,3498820,7,1637732509
71753,8579674,8,1637732510
71753,993846,8,1637732511
71753,361748,9,1637732512
71753,1201607,7,1637732513
71753,1119646,8,1637732514
71753,4520988,3,1637732515
71753,2084970,7,1637732516
71753,770828,5,1637732517
71753,2250912,7,1637732518
71754,1375666,10,1637732490
71754,1431045,8,1637732491
71754,848228,8,1637732492
71754,468569,10,1637732493
71754,499549,8,1637732494
71754,816692,10,1637732495
71754,2015381,8,1637732496
71754,1853728,10,1637732497
71754,6320628,7,1637732498
71754,371746,10,1637732499
71754,1345836,9,1637732500
71754,369610,7,1637732501
71754,1300854,8,1637732502
71754,1386697,9,1637732503
71754,2488496,7,1637732504
71754,3498820,8,1637732505
71754,7131622,8,1637732506
71754,903624,6,1637732507
71754,2395427,8,1637732508
71754,372784,9,1637732509
71754,3659388,8,1637732510
71754,1049413,8,1637732511
71754,2096673,6,1637732512
71754,458339,8,1637732513
71754,800369,8,1637732514
71754,993846,10,1637732515
71754,1228705,8,1637732516
71754,361748,9,1637732517
71754,1074638,9,1637732518
71754,1211837,8,1637732519
71754,3896198,8,1637732520
71754,8946378,8,1637732521
71754,1745960,8,1637732522
71754,1119646,10,1637732523
71754,2802144,9,1637732524
71755,1375666,7,1637732490
71755,816692,9,1637732491
71755,1392170,8,1637732492
71755,371746,7,1637732493
71755,1049413,8,1637732494
71755,2096673,6,1637732495
71755,993846,9,1637732496
71755,451279,9,1637732497
71755,1951264,9,1637732498
71755,1663202,7,1637732499
71755,1745960,8,1637732500
71755,6105098,7,1637732501
71755,1119646,9,1637732502
71755,1323594,8,1637732503
71755,1396484,7,1637732504
71755,3748528,5,1637732505
71755,2294629,8,1637732506
71755,383574,8,1637732507
71755,454876,7,1637732508
71755,6723592,8,1637732509
71755,1502397,5,1637732510
71755,3228774,5,1637732511
71756,1431045,6,1637732490
71756,848228,2,1637732491
71756,468569,6,1637732492
71756,499549,8,1637732493
71756,816692,8,1637732494
71756,2015381,10,1637732495
71756,1130884,7,1637732496
71756,1951264,6,1637732497
71756,1663202,5,1637732498
71756,1745960,5,1637732499
71756,2771200,7,1637732500
71756,948470,4,1637732501
71756,6139732,7,1637732502
71756,478970,9,1637732503
71756,1790864,8,1637732504
71756,1323594,6,1637732505
71756,330373,9,1637732506
71756,2872732,0,1637732507
71756,1396484,3,1637732508
71756,4520988,7,1637732509
71756,770828,4,1637732510
71756,926084,7,1637732511
71756,1981115,1,1637732512
71757,1431045,8,1637732490
71757,848228,8,1637732491
71757,2015381,9,1637732492
71757,6320628,8,1637732493
71757,1392170,9,1637732494
71757,371746,8,1637732495
71757,1300854,8,1637732496
71757,2488496,7,1637732497
71757,2395427,8,1637732498
71757,1049413,9,1637732499
71757,2096673,9,1637732500
71757,993846,6,1637732501
71757,1228705,8,1637732502
71757,1951264,9,1637732503
71757,3896198,10,1637732504
71757,1201607,10,1637732505
71757,1745960,9,1637732506
71757,2771200,9,1637732507
71757,3183660,9,1637732508
71757,6105098,10,1637732509
71757,1790864,10,1637732510
71757,330373,10,1637732511
71758,1375666,3,1637732490
71758,1431045,5,1637732491
71758,848228,10,1637732492
71758,468569,8,1637732493
71758,499549,8,1637732494
71758,816692,9,1637732495
71758,2015381,8,1637732496
71758,4154664,7,1637732497
71758,1853728,3,1637732498
71758,6320628,7,1637732499
71758,1392170,7,1637732500
71758,1392190,6,1637732501
71758,371746,7,1637732502
71758,1345836,9,1637732503
71758,369610,5,1637732504
71758,1300854,8,1637732505
71758,1386697,0,1637732506
71758,2488496,8,1637732507
71758,3498820,6,1637732508
71758,7131622,6,1637732509
71758,903624,6,1637732510
71758,2395427,10,1637732511
71758,372784,6,1637732512
71758,2975590,4,1637732513
71758,3659388,6,1637732514
71758,1049413,6,1637732515
71758,8579674,5,1637732516
71758,2096673,6,1637732517
71758,458339,7,1637732518
71758,3315342,2,1637732519
71758,800369,7,1637732520
71758,1130884,10,1637732521
71758,993846,5,1637732522
71758,451279,8,1637732523
71758,1228705,5,1637732524
71758,361748,2,1637732525
71758,1074638,8,1637732526
71758,1211837,10,1637732527
71758,1951264,5,1637732528
71758,3896198,7,1637732529
71758,7713068,3,1637732530
71758,8946378,8,1637732531
71758,1663202,5,1637732532
71758,1201607,10,1637732533
71758,1745960,10,1637732534
71758,2771200,6,1637732535
71758,3183660,8,1637732536
71758,948470,8,1637732537
71758,6139732,6,1637732538
71758,478970,5,1637732539
71758,910970,8,1637732540
71758,6105098,9,1637732541
71758,1790864,5,1637732542
71758,1119646,9,1637732543
71758,2802144,5,1637732544
71758,2245084,4,1637732545
71758,1323594,10,1637732546
71758,330373,10,1637732547
71758,2872732,6,1637732548
71758,1396484,4,1637732549
71758,4520988,6,1637732550
71758,1843866,5,1637732551
71758,2084970,5,1637732552
71758,770828,3,1637732553
71758,1877832,4,1637732554
71758,2250912,7,1637732555
71758,2543164,5,1637732556
71758,926084,10,1637732557
71758,373889,10,1637732558
71759,1375666,9,1637732490
71759,1431045,7,1637732491
71759,848228,10,1637732492
71759,468569,10,1637732493
71759,499549,8,1637732494
71759,816692,9,1637732495
71759,2015381,10,1637732496
71759,4154664,6,1637732497
71759,1853728,8,1637732498
71759,6320628,7,1637732499
71759,1392170,9,1637732500
71759,1392190,9,1637732501
71759,371746,10,1637732502
71759,1345836,9,1637732503
71759,369610,7,1637732504
71759,1300854,7,1637732505
71759,1386697,5,1637732506
71759,2488496,6,1637732507
71759,3498820,9,1637732508
71759,903624,8,1637732509
71760,1431045,7,1637732490
71760,848228,7,1637732491
71760,499549,8,1637732492
71760,4154664,6,1637732493
71760,1300854,6,1637732494
71760,800369,3,1637732495
71760,1130884,9,1637732496
71760,1074638,10,1637732497
71760,1951264,7,1637732498
71760,1201607,9,1637732499
71760,1119646,10,1637732500
71760,330373,6,1637732501
71760,1843866,10,1637732502
71760,1877832,10,1637732503
71760,2250912,8,1637732504
71760,926084,5,1637732505
71760,373889,7,1637732506
71760,383574,9,1637732507
71760,454876,6,1637732508
71760,816711,8,1637732509
71761,1431045,7,1637732490
71761,848228,8,1637732491
71761,499549,10,1637732492
71761,4154664,7,1637732493
71761,6320628,8,1637732494
71761,1392170,10,1637732495
71761,1392190,8,1637732496
71761,371746,8,1637732497
71761,458339,7,1637732498
71761,3315342,8,1637732499
71761,800369,9,1637732500
71761,993846,10,1637732501
71761,451279,7,1637732502
71761,1951264,8,1637732503
71761,6105098,8,1637732504
71761,1790864,10,1637732505
71761,1323594,9,1637732506
71761,330373,8,1637732507
71761,4520988,4,1637732508
71761,926084,8,1637732509
71762,1375666,9,1637732490
71762,848228,4,1637732491
71762,468569,10,1637732492
71762,499549,8,1637732493
71762,816692,10,1637732494
71762,1392170,8,1637732495
71762,1392190,10,1637732496
71762,371746,7,1637732497
71762,1345836,10,1637732498
71762,369610,8,1637732499
71762,1300854,7,1637732500
71762,1386697,8,1637732501
71762,2488496,9,1637732502
71762,7131622,8,1637732503
71762,903624,9,1637732504
71762,372784,10,1637732505
71762,1049413,7,1637732506
71762,1130884,10,1637732507
71762,993846,10,1637732508
71762,1951264,10,1637732509
71762,1663202,7,1637732510
71762,2543164,8,1637732511
71762,816711,10,1637732512
71763,1375666,1,1637732490
71763,1431045,4,1637732491
71763,848228,3,1637732492
71763,468569,4,1637732493
71763,499549,10,1637732494
71763,2015381,6,1637732495
71763,6320628,2,1637732496
71763,1392170,7,1637732497
71763,371746,8,1637732498
71763,1345836,9,1637732499
71763,2096673,6,1637732500
71763,451279,8,1637732501
71763,1745960,10,1637732502
71763,2771200,10,1637732503
71763,1790864,6,1637732504
71763,2245084,10,1637732505
71763,1323594,10,1637732506
71763,4520988,5,1637732507
71763,1843866,10,1637732508
71763,437086,10,1637732509
71763,7097896,4,1637732510
71763,3228774,7,1637732511
71764,1375666,7,1637732490
71764,1431045,10,1637732491
71764,848228,7,1637732492
71764,468569,8,1637732493
71764,499549,7,1637732494
71764,816692,8,1637732495
71764,2015381,7,1637732496
71764,4154664,6,1637732497
71764,1853728,7,1637732498
71764,6320628,6,1637732499
71764,1392170,9,1637732500
71764,371746,5,1637732501
71764,1345836,7,1637732502
71764,369610,6,1637732503
71764,1386697,4,1637732504
71764,2488496,8,1637732505
71764,3498820,6,1637732506
71764,903624,9,1637732507
71764,372784,8,1637732508
71764,2975590,7,1637732509
71764,1049413,10,1637732510
71764,8579674,7,1637732511
71764,2096673,3,1637732512
71764,458339,6,1637732513
71764,1130884,7,1637732514
71764,993846,6,1637732515
71764,1228705,6,1637732516
71764,361748,8,1637732517
71764,1074638,5,1637732518
71764,1211837,5,1637732519
71764,1951264,8,1637732520
71764,3896198,4,1637732521
71764,1201607,10,1637732522
71764,1745960,9,1637732523
71764,910970,10,1637732524
71764,1790864,9,1637732525
71764,2802144,10,1637732526
71764,330373,10,1637732527
71764,2084970,10,1637732528
71764,926084,10,1637732529
71764,373889,10,1637732530
71764,3748528,9,1637732531
71764,2294629,10,1637732532
71765,1375666,8,1637732490
71765,1431045,8,1637732491
71765,848228,9,1637732492
71765,468569,9,1637732493
71765,499549,9,1637732494
71765,816692,10,1637732495
71765,2015381,8,1637732496
71765,4154664,5,1637732497
71765,1853728,10,1637732498
71765,6320628,10,1637732499
71765,1392170,8,1637732500
71765,1392190,7,1637732501
71765,371746,9,1637732502
71765,1345836,9,1637732503
71765,369610,7,1637732504
71765,1300854,8,1637732505
71765,1386697,6,1637732506
71765,2488496,9,1637732507
71765,3498820,9,1637732508
71765,7131622,10,1637732509
71765,903624,7,1637732510
71765,2395427,9,1637732511
71765,372784,9,1637732512
71765,2975590,7,1637732513
71765,3659388,9,1637732514
71765,1049413,10,1637732515
71765,8579674,10,1637732516
71765,2096673,9,1637732517
71765,458339,9,1637732518
71765,3315342,9,1637732519
71765,800369,8,1637732520
71765,1130884,8,1637732521
71765,993846,10,1637732522
71765,451279,8,1637732523
71765,1228705,9,1637732524
71765,361748,10,1637732525
71765,1074638,10,1637732526
71765,1211837,10,1637732527
71765,1951264,7,1637732528
71765,3896198,8,1637732529
71765,7713068,6,1637732530
71765,8946378,10,1637732531
71765,1663202,9,1637732532
71765,1201607,9,1637732533
71765,1745960,9,1637732534
71765,2771200,7,1637732535
71765,3183660,9,1637732536
71765,948470,9,1637732537
71765,6139732,6,1637732538
71765,478970,8,1637732539
71765,910970,9,1637732540
71765,6105098,7,1637732541
71765,1790864,7,1637732542
71765,1119646,9,1637732543
71765,2802144,8,1637732544
71765,2245084,8,1637732545
71765,1323594,9,1637732546
71765,330373,9,1637732547
71765,2872732,7,1637732548
71765,1396484,8,1637732549
71765,4520988,7,1637732550
71765,1843866,9,1637732551
71765,2084970,8,1637732552
71765,770828,8,1637732553
71765,1877832,8,1637732554
71765,2250912,8,1637732555
71765,2543164,9,1637732556
71765,926084,9,1637732557
71765,373889,8,1637732558
71766,1375666,10,1637732490
71766,1431045,8,1637732491
71766,848228,9,1637732492
71766,816692,10,1637732493
71766,6320628,9,1637732494
71766,1392170,7,1637732495
71766,371746,7,1637732496
71766,369610,5,1637732497
71766,1386697,8,1637732498
71766,2488496,7,1637732499
71766,7131622,5,1637732500
71766,3659388,10,1637732501
71766,993846,9,1637732502
71766,361748,10,1637732503
71766,8946378,6,1637732504
71766,1790864,7,1637732505
71766,2245084,7,1637732506
71766,1323594,7,1637732507
71766,1396484,8,1637732508
71766,2294629,9,1637732509
71767,1431045,9,1637732490
71767,499549,7,1637732491
71767,816692,6,1637732492
71767,2015381,8,1637732493
71767,1853728,9,1637732494
71767,1386697,6,1637732495
71767,2488496,5,1637732496
71767,3659388,8,1637732497
71767,1049413,7,1637732498
71767,2096673,6,1637732499
71767,993846,8,1637732500
71767,1211837,7,1637732501
71767,3896198,6,1637732502
71767,1201607,8,1637732503
71767,910970,9,1637732504
71767,926084,8,1637732505
71767,373889,7,1637732506
71767,1454468,3,1637732507
71767,383574,8,1637732508
71767,3501632,7,1637732509
71768,499549,5,1637732490
71768,6320628,7,1637732491
71768,1392170,8,1637732492
71768,369610,5,1637732493
71768,2488496,4,1637732494
71768,1049413,8,1637732495
71768,2096673,6,1637732496
71768,993846,6,1637732497
71768,1201607,10,1637732498
71768,2771200,8,1637732499
71768,3183660,7,1637732500
71768,6139732,8,1637732501
71768,910970,9,1637732502
71768,6105098,8,1637732503
71768,1119646,9,1637732504
71768,1323594,7,1637732505
71768,330373,10,1637732506
71768,926084,8,1637732507
71768,373889,10,1637732508
71768,3228774,6,1637732509
71769,1375666,9,1637732490
71769,1431045,6,1637732491
71769,848228,5,1637732492
71769,468569,8,1637732493
71769,499549,4,1637732494
71769,816692,10,1637732495
71769,2015381,7,1637732496
71769,1853728,10,1637732497
71769,6320628,7,1637732498
71769,1392170,5,1637732499
71769,1392190,6,1637732500
71769,371746,7,1637732501
71769,1345836,8,1637732502
71769,7131622,8,1637732503
71769,1049413,9,1637732504
71769,8579674,9,1637732505
71769,3315342,7,1637732506
71769,1130884,9,1637732507
71769,993846,9,1637732508
71769,361748,10,1637732509
71770,1375666,10,1637732490
71770,1431045,10,1637732491
71770,848228,7,1637732492
71770,468569,10,1637732493
71770,499549,5,1637732494
71770,816692,10,1637732495
71770,2015381,10,1637732496
71770,4154664,3,1637732497
71770,1853728,10,1637732498
71770,6320628,8,1637732499
71770,1392170,5,1637732500
71770,1392190,5,1637732501
71770,371746,7,1637732502
71770,1345836,10,1637732503
71770,369610,8,1637732504
71770,1300854,9,1637732505
71770,1386697,7,1637732506
71770,2488496,6,1637732507
71770,3498820,10,1637732508
71770,7131622,9,1637732509
71770,903624,5,1637732510
71770,2395427,4,1637732511
71770,372784,5,1637732512
71771,1375666,10,1637732490
71771,1431045,8,1637732491
71771,848228,6,1637732492
71771,468569,10,1637732493
71771,468569,10,1637732494
71771,499549,8,1637732495
71771,816692,10,1637732496
71771,2015381,7,1637732497
71771,4154664,5,1637732498
71771,1853728,5,1637732499
71771,6320628,6,1637732500
71771,1392170,9,1637732501
71771,2488496,9,1637732502
71771,372784,8,1637732503
71771,1130884,9,1637732504
71771,993846,8,1637732505
71771,1119646,10,1637732506
71771,1877832,7,1637732507
71771,816711,8,1637732508
71771,4972582,8,1637732509
